[
  {
    "Type": "None",
    "Obstruction": "FullyBlocked",
    "Foreground": "#00000000",
    "Background": "#00000000",
    "AsciiID": 0,
    "TileID":  0
  },
  {
    "Type": "Floor",
    "Obstruction": "Open",
    "Foreground": "#808080",
    "Background": "#00000000",
    "AsciiID": 46,
    "TileID": 273
  },
  {
    "Type": "Wall",
    "Obstruction": "FullyBlocked",
    "Foreground": "#f4a460",
    "Background": "#00000000",
    "AsciiID": 35,
    "TileID": 257
  },
  {
    "Type": "Door",
    "Obstruction": "VisionBlocked",
    "Foreground": "#ff4500",
    "Background": "#00000000",
    "AsciiID": 43,
    "TileID": 271
  },
  {
    "Type": "StairsDown",
    "Obstruction": "VisionBlocked",
    "Foreground": "#828282",
    "Background": "#00000000",
    "AsciiID": 31,
    "TileID": 302
  }
]